{"cameraMode":{"drawMode":0,"name":"Shaded","section":"Shading Mode"},"sceneLighting":false,"audioPlay":false,"sceneViewState":{"showFog":true,"showMaterialUpdate":false,"showSkybox":true,"showFlares":true,"showImageEffects":true,"showParticleSystems":true},"in2DMode":false,"pivot":{"x":0.0,"y":1.0499999523162842,"z":-4.199999809265137},"rotation":{"x":0.04338100180029869,"y":-0.069480299949646,"z":0.003024183213710785,"w":0.9966381192207336},"size":2.5578837394714357,"orthographic":false}