{"cameraMode":{"drawMode":0,"name":"Shaded","section":"Shading Mode"},"sceneLighting":false,"audioPlay":false,"sceneViewState":{"showFog":true,"showMaterialUpdate":false,"showSkybox":true,"showFlares":true,"showImageEffects":true,"showParticleSystems":true},"in2DMode":false,"pivot":{"x":0.0,"y":1.0499999523162842,"z":-4.199999809265137},"rotation":{"x":-0.011966959573328495,"y":-0.23418955504894257,"z":0.0028827511705458166,"w":-0.972114622592926},"size":2.8578836917877199,"orthographic":false}