{"cameraMode":{"drawMode":0,"name":"Shaded","section":"Shading Mode"},"sceneLighting":false,"audioPlay":false,"sceneViewState":{"showFog":true,"showMaterialUpdate":false,"showSkybox":true,"showFlares":true,"showImageEffects":true,"showParticleSystems":true},"in2DMode":false,"pivot":{"x":-0.3999999761581421,"y":2.9000000953674318,"z":-2.4800000190734865},"rotation":{"x":-0.07055038958787918,"y":0.6991807818412781,"z":-0.06966201215982437,"w":-0.7080464363098145},"size":2.020829200744629,"orthographic":false}